category,value
brand,Asap Rocky
brand,Baby Keem
brand,Balenciaga
brand,Levis
brand,Miss Me
brand,"Miss Me, flared"
brand,"Miss Me, verziehrt"
brand,"Miss Me, verziehrt, flared"
brand,Rock Revival
brand,"Rock Revival, flared"
brand,True Religon
brand,"True Religon, flared"
brand,"True Religon, verziehrt"
brand,Vintage Dressing
brand,"flared, Japan Style"
brand,realtree
brand,"y2k, flared"
brand,"y2k, flared, bootcut"
type,Denim
type,Gürtel
type,Hose anders
type,Portmonee
type,Ticket
type,Vinyl
supplier,5th Era Thrift (Fleek)
supplier,AMR Thrifty Vintage (Fleek)
supplier,Creed Vintage (Fleek)
supplier,Diamond Vintage (Fleek)
supplier,Elegant Vintage (Fleek)
supplier,Fabtex Vintage (Fleek)
supplier,IR Thrifty Vintage (Fleek)
supplier,Italian Dream (Fleek)
supplier,RVG Loop (Fleek)
supplier,Retro thrift store (Fleek)
supplier,Retroesthetic (Fleek)
supplier,TheVintageLux (Fleek)
supplier,Trade Vintage (Fleek)
supplier,Versitaire
supplier,Vibe Vintage (Fleek)
supplier,Vintage Bliss (Fleek)
supplier,anders
supplier,vintage libary (Fleek)
